,Compound Word
0,aamuateriakutsu
1,ajoneuvokatsastus
2,ajoneuvoliikenneohjaus
3,ajoneuvovalvontakeskus
4,aluehallintovirasto
5,aluekehityssuunnitelma
6,aluesuunnittelupäällikkö
7,aluesuunnittelutoimisto
8,aluesuunnitteluyhteistyö
9,aluetalous
10,ammattikoulutus
11,ammattikoulutusohjelma
12,ammattitaito
13,ammattiyhdistys
14,ammattiyhdistyslakko
15,asiakaslähtöisyys
16,asiakaspalautekysely
17,asiakaspalvelu
18,asiakaspalveluprosessi
19,asuinkerrostalo
20,asumiskustannusarvio
21,asumistukihakemus
22,asumisympäristökehitys
23,asuntoalue
24,asuntolaina
25,asuntorakentamishanke
26,auringonlämpökeräin
27,auringonlaskunvärit
28,auringonpaiste
29,auringonvalo
30,auringonvalosuoja
31,aurinkoenergiahyödyntäminen
32,aurinkoenergiajärjestelmä
33,aurinkoenergialaitos
34,aurinkoenergianvalmistaja
35,aurinkoenergiasovellus
36,aurinkoenergiateknologia
37,aurinkoenergiavarasto
38,aurinkokennolaitos
39,aurinkolämpökeräin
40,aurinkopaneeli
41,aurinkopaneeliasennus
42,aurinkopaneelienvalmistus
43,aurinkopaneelijärjestelmä
44,aurinkopaneeliprojekti
45,aurinkopaneelitehdas
46,aurinkopaneelivalmistaja
47,aurinkopaneeliverkosto
48,aurinkosähkö
49,aurinkosähköratkaisu
50,aurinkosähkövoimala
51,aurinkovoimala
52,aurinkovoimaratkaisut
53,autokorjaaja
54,autokorjaamo
55,autokorjaamotarkastaja
56,autokorjaamotutkimus
57,autokorjaamotyöntekijä
58,autokorjausalanopiskelija
59,autokorjauspalvelu
60,autoliikenne
61,automaatiotekniikkaohjelma
62,autonhuoltotekniikka
63,autotehdas
64,autoteollisuus
65,avaruustutkimus
66,biotalousalue
67,biotaloustutkimus
68,eläinlääkäri
69,eläinlääkäriasema
70,eläinlääkäriasemayksikkö
71,eläinlääkäripalvelut
72,eläinlääkäritutkimus
73,eläinlääketiedekoulu
74,eläinpuisto
75,eläinsuojelukeskus
76,eläinsuojelukoulutus
77,eläinsuojelulaki
78,eläinsuojeluliitto
79,eläinsuojelusuunnitelma
80,eläinsuojelututkimus
81,eläinsuojeluvalvoja
82,eläintarhakierros
83,eläintarhanhoitaja
84,eläintarhanhoitajakoulutus
85,eläintarhapalvelut
86,eläintarhatoiminta
87,eläintarhatuotanto
88,eläintarhavisiitti
89,eläintenhoitajakoulutus
90,eläintutkimuskeskus
91,eläintutkimuslaitos
92,eläinvakuutuskeskus
93,eläinvakuutustarjonta
94,eläkejärjestelmä
95,eläkejärjestely
96,eläkeläisjärjestö
97,elinkeinoalue
98,elinkeinoelämä
99,elintarvikejalostus
100,elintarvikelaki
101,elintarviketeollisuus
102,elintarviketuotanto
103,elintarvikevalvonta
104,elintarvikevarastointi
105,elokuvafestivaali
106,elokuvakäsikirjoittaja
107,elokuvakäsikirjoitus
108,elokuvanäytösaikataulu
109,elokuvanäytöspalvelu
110,elokuvanäyttelykeskus
111,elokuvaohjaaja
112,elokuvateatteri
113,elokuvateatterilista
114,elokuvatuotanto
115,elokuvatuotantohanke
116,elokuvatuotantoyhtiö
117,elokuvatuotantoyksikkö
118,elokuvatuottaja
119,energiakustannus
120,energiakustannusarvio
121,energialähde
122,energialähteidenkartoitus
123,energialaitos
124,energialaitostutkimus
125,energiansäästö
126,energiansäästö
127,energiansäästöideat
128,energiansäästömahdollisuudet
129,energiansäästöohjeet
130,energiansäästöohjeistus
131,energiansäästöohjelma
132,energiansäästöpäätös
133,energiansäästöstrategia
134,energiansäästötavoite
135,energiansäästövinkit
136,energiansäästövinkki
137,energiansiirtojärjestelmä
138,energiansiirtokaapeli
139,energiansiirtoketju
140,energiansiirtolaitteet
141,energiansiirtolinja
142,energiansiirtoyhteistyö
143,energiansiirtoyhteys
144,energiansiirtoyksikkö
145,energiantuotanto
146,energiantuotantojärjestelmä
147,energiantuotantokulut
148,energiantuotantokustannukset
149,energiantuotantolaitos
150,energiantuotantolaitos
151,energiantuotantolaitteet
152,energiantuotantomalli
153,energiantuotantoratkaisut
154,energiantuotantoyhtiö
155,energiapalveluyhtiö
156,energiasäästövalvonta
157,energiatehokkuus
158,energiatehokkuuslaitos
159,energiatehokkuusmääräys
160,energiatehokkuusmalli
161,energiatehokkuusmittari
162,energiatehokkuusohje
163,energiatehokkuusohjeet
164,energiatehokkuusprojekti
165,energiatehokkuussertifikaatti
166,energiatehokkuustuki
167,energiateknologiakeskus
168,energiateollisuuskeskus
169,energiateollisuussopimus
170,energiateollisuusyhdistys
171,energiateollisuusyhtiö
172,energiatuotantolinjasto
173,energiavaranto
174,energiavaranto
175,energiavarat
176,energiavaratutkimus
177,energiayksikkölaskenta
178,harrastusmahdollisuus
179,harrastusvälinevarasto
180,hätäapukeskus
181,hätäpuhelu
182,hätätilanne
183,hätäuloskäynti
184,huoltoasemapalvelu
185,huonekalu
186,huvipuisto
187,huvipuistotyöntekijä
188,hyvinvointipalvelut
189,hyvinvointitutkimus
190,hyvinvointivalmentaja
191,ihmisoikeusjärjestö
192,ilmailuinsinööri
193,ilmailulaitos
194,ilmailumuseo
195,ilmailutekniikka
196,ilmapallo
197,ilmastonmuutos
198,ilmatieteenlaitos
199,iltalehtiuutiset
200,iltapäiväaurinko
201,iltapäiväkävely
202,iltapäiväkerho
203,iltapäivälehdet
204,iltapäivälehti
205,iltapäiväohjelma
206,iltapäiväteatteri
207,jäänmurtaja
208,jäänpuhdistaja
209,jalkapallojoukkue
210,jalkapallokenttä
211,jalkapallokilpailu
212,järvenkalastus
213,järvenpinta
214,järvenranta
215,jätehuolto
216,jätevedenpuhdistamo
217,jätevesihuolto
218,jätevesijärjestelmä
219,jätevesipuhdistamo
220,johtajuusvalmennus
221,joukkoliikenne
222,joukkoliikennejärjestelmä
223,joukkoliikennelinja
224,joukkoliikennematkat
225,joukkoliikennereitti
226,joukkoliikenneyhteys
227,joukkoliikenneyhteys
228,joukkueenjohtaja
229,joukkuekilpailu
230,juhlapyhä
231,julkisenhallinnonjohtaja
232,julkistalous
233,junaliikenne
234,junamatka
235,junarata
236,kaivinkone
237,kaivinkoneenkuljettaja
238,kaivoslaitos
239,kaivostekniikka
240,kaivostuotanto
241,kaivostyöläinen
242,kalankasvatus
243,kalansavustamo
244,kalasatama
245,kalastajalaituri
246,kalastuksenvalvonta
247,kalastusalue
248,kalastusalus
249,kalastusalus
250,kalastuslaitos
251,kalastuslupa
252,kalastusmatkailu
253,kalastusmatkailukeskus
254,kalastustarvike
255,kalastustarvike
256,kalastusvene
257,kalastusvene
258,kalenterivuosi
259,kallioperätutkimus
260,kansainvälinen
261,kansainvälistyminen
262,kansalaisaloite
263,kansallisarkisto
264,kansallismuseo
265,kansallispuisto
266,kansantaloustiede
267,käsityökoulu
268,kasvihuoneilmiö
269,kasvihuoneviljely
270,kaukolämpö
271,kauppahalli
272,kauppahalliruokailu
273,kauppakeskus
274,kauppakeskustarjonta
275,kauppakorkeakoulu
276,kauppapaikkaratkaisu
277,kauppayhteys
278,kauppayhtiö
279,kauppaystävä
280,kaupunginkirjasto
281,kaupunginsuunnittelu
282,kaupunginteatteri
283,kaupunkikehityssuunnitelma
284,kaupunkikulttuuri
285,kaupunkikuva
286,kaupunkilomailu
287,kaupunkisuunnitelma
288,kaupunkisuunnittelukeskus
289,kaupunkisuunnitteluvirasto
290,keittiökalusteet
291,kesäkukkaviljelmä
292,kesäkurpitsa
293,kesäloma
294,kesämökki
295,kesäpäivä
296,kesäretkikohde
297,kesätyömahdollisuus
298,kesätyöpaikat
299,keskuslämmitys
300,kevätjuhla
301,kevätkukkia
302,kevätlomamatka
303,kevätpäiväntasaus
304,kielikurssiohjelma
305,kielioppi
306,kieltenopettaja
307,kierrätyskeskus
308,kiinteistöhallintajärjestelmä
309,kiinteistöhuoltoprojekti
310,kiinteistöhuoltoyritys
311,kiinteistöjenhallinta
312,kiinteistönhallintajärjestelmä
313,kiinteistönhoitopalvelut
314,kiinteistönhoitotyöntekijä
315,kiinteistönhuoltokeskus
316,kiinteistönvälittäjä
317,kiinteistönvälityspalvelu
318,kiinteistöpalvelut
319,kiinteistörekisteriohjeet
320,kiinteistötoimisto
321,kiinteistövalvontakeskus
322,kirjahylly
323,kirjakauppa
324,kirjallisuusfestivaali
325,kirjapainotalo
326,kirjastoarkisto
327,kirjastoauto
328,kirjastokortti
329,kirjastonhoitaja
330,kodinkone
331,kotieläinpuisto
332,kotikunta
333,kotimaisuus
334,koulukirjasto
335,koululaisryhmä
336,koululaistapahtuma
337,koululaistiedotus
338,koululaitoksenkehitys
339,koululaitos
340,koululaukku
341,koulumatka
342,koulutushanke
343,koulutusjärjestelmä
344,koulutuskalenteri
345,koulutuskeskus
346,koulutuskeskusjohtaja
347,koulutuskurssitarjonta
348,koulutusmateriaalikeskus
349,koulutusmateriaalipaketti
350,koulutusmateriaaliprojekti
351,koulutusmateriaalit
352,koulutusmateriaalit
353,koulutusmateriaalivalvonta
354,koulutusohjelma
355,koulutusohjelmainsinööri
356,koulutusohjelmajohtaja
357,koulutusohjelmakartoitus
358,koulutusohjelmakartoitus
359,koulutusohjelmankehitys
360,koulutusohjelmapalvelu
361,koulutusohjelmaprojekti
362,koulutusohjelmaratkaisut
363,koulutusohjelmasuunnittelu
364,koulutusohjelmayhteistyö
365,koulutusohjelmayhteistyöryhmä
366,koulutusohjelmayhteistyösopimus
367,koulutuspäällikkö
368,koulutuspäällikköstrategia
369,koulutuspalvelukeskus
370,koulutuspalveluyhteistyö
371,koulutuspolitiikkaraportti
372,koulutuspolitiikkaselvitys
373,koulutusprojektikonsultti
374,koulutussuunnitelma
375,koulutussuunnitteluohjeet
376,koulutussuunnitteluohjelma
377,koulutussuunnitteluprojekti
378,koulutustarjonta
379,koulutustarjontakartoitus
380,koulutustarjontatutkimus
381,koulutusteknologiakonsultointi
382,koulutusteknologiapalvelut
383,koulutusteknologiaratkaisut
384,koulutusteknologiatarjonta
385,koulutusteknologiatutkimus
386,koulutusteknologiayhteistyö
387,koulutustoiminta
388,koulutusyhteistyöehdotus
389,koulutusyhteistyösopimus
390,koulutusyhteistyöstrategia
391,kuljetuspalvelu
392,kulttuuriarvot
393,kulttuurifestivaaliyhteistyö
394,kulttuurihankeraportti
395,kulttuurihistoriallinen
396,kulttuurihistoriallinenalue
397,kulttuurikeskus
398,kulttuurikeskus
399,kulttuurimaisema
400,kulttuurimaisemanhoito
401,kulttuurimatkailu
402,kulttuuripalvelut
403,kulttuuriperinnönsuojelu
404,kulttuuriperinnönsuojelu
405,kulttuuriperintö
406,kulttuuriperintöhallinto
407,kulttuuriperintöhanke
408,kulttuuriperintöhanke
409,kulttuuriperintökohde
410,kulttuuritapahtuma
411,kulttuuritapahtumaohjelma
412,kulttuuritiedotuskeskus
413,kulttuurituotantokeskus
414,kuntarakennesuunnitelma
415,kuntatalous
416,kuntoliikuntapalvelut
417,kuntosaliharjoittelu
418,kuntosalitreenit
419,kuorma-autokuljetus
420,kyläkauppa
421,kyläkoulu
422,kylämatkailu
423,kylätapahtuma
424,kylätapahtuma
425,kylpyhuone
426,kylpylähotelli
427,laivaliikenne
428,laskettelurinne
429,lentoasema
430,lentokenttä
431,lentokenttäalue
432,lentokenttähalli
433,lentokenttälaitteet
434,lentokenttäliikenteenvalvonta
435,lentokenttärakennelma
436,lentokenttärakennus
437,lentokenttäterminaali
438,lentokenttävalvontayksikkö
439,lentokone
440,lentokonehallinta
441,lentokonehanke
442,lentokoneinsinööri
443,lentokonekorjaamotyöntekijä
444,lentokoneohjaamo
445,lentokoneosavalmistaja
446,lentokonevalmistaja
447,lentoliikenne
448,lentoliikenneohjauskeskus
449,lentoliikennepalvelut
450,lentoliikenneturvallisuus
451,lentoliikenteenvalvonta
452,lentomatka
453,lentomatkustaja
454,lentoyhtiö
455,liikekannallepano
456,liikekeskus
457,liikennealuekartoitus
458,liikennejärjestelmä
459,liikennejärjestelmätutkimus
460,liikennejärjestelypäällikkö
461,liikennekamera
462,liikennekulttuuri
463,liikennelaitos
464,liikennelentokone
465,liikennelentokone
466,liikenneohjausjärjestelmä
467,liikenneopetussuunnitelma
468,liikennepalveluanalyysi
469,liikennepalveluhanke
470,liikennepalvelukehitys
471,liikennepalvelukehitysohjelma
472,liikennepalvelukeskus
473,liikennepalveluratkaisut
474,liikennepalvelutarkastelu
475,liikennepalvelutuotanto
476,liikennepalveluverkosto
477,liikennepalveluyhteistyö
478,liikenneruuhka
479,liikennesäännöt
480,liikennesääntövalvonta
481,liikennesääntöyhteisö
482,liikennesuunnittelu
483,liikennesuunnitteluhanke
484,liikennesuunnittelukeskus
485,liikennesuunnittelumalli
486,liikennesuunnittelumalli
487,liikennesuunnitteluohjeet
488,liikennesuunnitteluratkaisut
489,liikennetuotantoyksikkö
490,liikennetuotantoyksikkövalvonta
491,liikenneturvallisuus
492,liikenneturvallisuusanalyysi
493,liikenneturvallisuusanalyysi
494,liikenneturvallisuuskoulutus
495,liikenneturvallisuuskoulutusohjelma
496,liikenneturvallisuusmoduuli
497,liikenneturvallisuusohje
498,liikenneturvallisuusohjelma
499,liikenneturvallisuusratkaisut
500,liikenneturvallisuusstrategia
501,liikenneturvallisuusstrategiat
502,liikenneturvallisuusstrategiatutkimus
503,liikenneturvallisuustoiminta
504,liikenneturvallisuustyö
505,liikenneturvallisuusvalvoja
506,liikenneturvallisuusyksikkö
507,liikennetutkimus
508,liikennetutkimusprojekti
509,liikennevälineidenhuolto
510,liikennevälinevarastointi
511,liikennevalo
512,liikennevaloasennukset
513,liikennevalo-ohjaus
514,liikennevalot
515,liikennevalotolppa
516,liikennevalvonta
517,liikennevalvontahanke
518,liikennevalvontayksikkö
519,liikenneverkkojärjestely
520,liikenneverkkokartoitus
521,liikenneverkkokehitys
522,liikenneverkostoanalyysi
523,liikenneverkostokehitys
524,liikennevirastonvalvonta
525,liikennevirastotoiminta
526,liikennevirastotyöntekijä
527,liikennevirastoyhteistyö
528,liikennevirastoyhteistyöprojektit
529,liikenneympäristökartoitus
530,liikenneympäristönparannus
531,liikenneympäristönparannustyö
532,liikenneympäristöprojekti
533,liikenneympäristötutkimus
534,liikenneympyrä
535,liikenteenohjausjärjestelmä
536,liikenteenohjauspalvelut
537,liikenteenohjausstrategia
538,liikenteensuunnittelu
539,liikenteensuunnitteluosasto
540,liikenteensuunnittelutyökalu
541,liikenteensuunnitteluyhteistyö
542,liikenteenvalvonta
543,liiketalousohjelma
544,liiketoiminta-alueet
545,liiketoimintaideat
546,liiketoimintajärjestelmä
547,liiketoimintakonsultointipalvelut
548,liiketoimintamahdollisuudet
549,liiketoimintamalli
550,liiketoimintamallikehitys
551,liiketoimintamallinvalvonta
552,liiketoimintaprosessikehitys
553,liiketoimintaratkaisukonsultti
554,liiketoimintaratkaisut
555,liiketoimintasuunnitelma
556,liiketoimintasuunnitelma
557,liiketoimintasuunnitteluosasto
558,liiketoimintayhteisöprojekti
559,liiketoimintayhteistyösopimus
560,liiketoimintayksikkö
561,liiketoimintayksikköohjaus
562,liikuntahallinnointijärjestelmä
563,liikuntaharjoitus
564,liikuntaharrastusmahdollisuudet
565,liikuntakerho
566,liikuntakeskus
567,liikuntakeskus
568,liikuntakeskustarjonta
569,liikuntapainotteinen
570,liikuntapeli
571,liikuntatapahtuma
572,liikuntaterapia
573,liikuntaterapiaohjelma
574,liikuntatoiminta
575,liikuntatunnit
576,liikuntavälinekauppa
577,liikuntavamma
578,linja-autopysäkki
579,loma-asuntomessut
580,lomamatka
581,lomanvietto
582,lounasravintola
583,luonnonhoitokonsultointi
584,luonnonhoitomääräykset
585,luonnonhoitopalvelut
586,luonnonhoitoprojekti
587,luonnonmukaisuus
588,luonnonperintösuojelutyö
589,luonnonpuisto
590,luonnonpuistoyhteistyö
591,luonnonsuojelualue
592,luonnonsuojelualuekartoitus
593,luonnonsuojelualuekartoitus
594,luonnonsuojelukampanja
595,luonnonsuojelukampanjasuunnitelma
596,luonnonsuojelukeskus
597,luonnonsuojelukonsultointi
598,luonnonsuojelukoulutuskeskus
599,luonnonsuojelukoulutusohjelma
600,luonnonsuojelulaki
601,luonnonsuojelulaki
602,luonnonsuojelulupa
603,luonnonsuojeluohjelmatarjonta
604,luonnonsuojeluprojektitarjonta
605,luonnonsuojeluratkaisut
606,luonnonsuojelusuunnitelma
607,luonnonsuojelututkimusprojekti
608,luonnonsuojeluyhdistys
609,luonnonsuojeluyksikkö
610,luonnonsuojeluyksikkö
611,luonnonsuojeluyksikköanalyysi
612,luonnonsuojeluyksikköohjaus
613,luonnonvaraekosysteemi
614,luonnonvarahallintajärjestelmä
615,luonnonvarahallintastrategia
616,luonnonvaraintutkimus
617,luonnonvarakartoitustutkimus
618,luonnonvarakeskus
619,luonnonvarakeskus
620,luonnonvarakeskusprojekti
621,luonnonvarakeskusyhteistyö
622,luonnonvaratalous
623,luonnonvaratalous
624,luonnonvarataloustutkimus
625,luonnonvaratutkimus
626,luonnonvaratutkimusyhteistyö
627,luonnonvarayhteistyösopimus
628,luonnonvarojenhallintajärjestelmä
629,luonnonvarojenkehitysohjelma
630,luontoelämys
631,luontokokemus
632,luontokuvaus
633,luontopolku
634,maahanmuutto
635,maalaistalo
636,maalaistapahtuma
637,maalaustaideprojekti
638,maanviljelijä
639,maaperätutkimus
640,maaseutukeskus
641,maaseutukylä
642,maaseutumaisema
643,maaseutumatkailu
644,maatalousalue
645,maatalouskone
646,maatalouskone
647,maatalouskoneenkorjaaja
648,maatalouskonekorjaamo
649,maatalouskonevalmistaja
650,maatalousneuvonta
651,maatalousneuvontapalvelu
652,maatalouspolitiikka
653,maatalouspolitiikka
654,maatalouspolitiikkaehdotus
655,maatalouspolitiikkatavoite
656,maatalouspolitiikkayksikkö
657,maataloustukihakemus
658,maataloustukijärjestelmä
659,maataloustuotanto
660,maataloustuottajayhdistys
661,maataloustutkimus
662,maataloustyöntekijä
663,maatalousyhdistys
664,maatalousyritys
665,maisema-arkkitehti
666,matkailualanjohtaja
667,matkailualueidenkehitys
668,matkailualueidenkehitysprojekti
669,matkailualuekehityshanke
670,matkailualuekehityssuunnitelma
671,matkailualueohjelma
672,matkailualuetutkimus
673,matkailukeskustiedotus
674,matkailukeskustutkimus
675,matkailukohde
676,matkailukohde
677,matkailukohdeopas
678,matkailukohdesuunnittelu
679,matkailukohteidenhallinta
680,matkailukohteidenkartoitus
681,matkailumahdollisuudet
682,matkailumainoskampanja
683,matkailumarkkinointiprojekti
684,matkailuneuvonta
685,matkailuneuvontapalvelut
686,matkailuohjelmaehdotus
687,matkailuohjelmakehitys
688,matkailuoppaanvalmistus
689,matkailupalvelu
690,matkailupalveluidenohjaus
691,matkailupalvelukeskus
692,matkailupalveluntarjoaja
693,matkailupalveluratkaisut
694,matkailupalvelusuunnitelma
695,matkailusuunnitteluyhteistyö
696,matkailutapahtumat
697,matkailutoimintasuunnitelma
698,matkailutoimisto
699,matkailutoimistojenvalvonta
700,matkailutoimistotyöntekijä
701,matkailutoimistoyksikkö
702,matkailutuotantoyhtiö
703,matkailutuotepalvelut
704,matkailutuotevalikoima
705,matkailututkimuskeskus
706,matkailututkimusyksikkö
707,matkailuyhdistyshanke
708,matkailuyhteistyöhanke
709,matkailuyhteistyöprojekti
710,matkailuyhteistyösuunnittelu
711,matkailuyrittäjyyskoulutus
712,matkailuyrittäjyysmalli
713,matkailuyritysanalyysi
714,matkailuyritysanalyysiprojekti
715,matkailuyrityshanke
716,matkailuyrityspalvelut
717,matkailuyrityssopimus
718,matkailuyrityssuunnitelma
719,matkasuunnitelma
720,matkatoimisto
721,matkatoimistoalennukset
722,matkatoimistotyöntekijä
723,matkavakuutus
724,matkavakuutustarjonta
725,matkustaja-alus
726,matkustajalaiva
727,matkustajalautta
728,matkustajaliikenne
729,matkustajaliikenne
730,matkustajamäärä
731,matkustusrajoitus
732,merenkulku
733,merenrantakaupunki
734,merihirviö
735,merimatka
736,merimatkustaja
737,metsäkone
738,metsänhoitaja
739,metsänhoitajaopiskelija
740,metsänhoitajaoppilas
741,metsänhoitoalue
742,metsänhoitohanke
743,metsänhoitokoulutus
744,metsänhoitokoulutusohjelma
745,metsänhoitomääräykset
746,metsänhoitosuunnitelma
747,metsänhoitotoimisto
748,metsänhoitotyöryhmä
749,metsänhoitoyhdistys
750,metsänuudistaminen
751,metsänuudistusprojekti
752,metsäpolku
753,metsästysluvat
754,metsätaloudenkoneet
755,metsätalous
756,metsätalouskone
757,metsätalousministeriö
758,metsätalousoppilaitos
759,metsätaloussuunnitelma
760,metsätaloustuki
761,metsätaloustutkimuskeskus
762,metsäteknologia
763,metsäteollisuus
764,metsäteollisuusinnovaatio
765,metsätyökone
766,metsätyöntekijä
767,mökkilaituri
768,museoalue
769,museoarkkitehtuuri
770,museotoimintakeskus
771,musiikkiopisto
772,myyntihenkilöstö
773,myyntikampanja
774,myyntipiste
775,myyntistrategia
776,naapurikunta
777,naapurustoyhteisö
778,ohjausjärjestelmämuutokset
779,ohjausjärjestelmätutkimus
780,ohjelmistoasiantuntija
781,ohjelmistokehittäjäkoulutus
782,ohjelmistokehitys
783,ohjelmistosovelluskartta
784,ohjelmistotuotanto
785,ohjelmointikieli
786,omakotitalo
787,opettajahuone
788,opettajankoulutus
789,opintojakso
790,opintosuunnitelma
791,opintotuki
792,opintoviikko
793,opiskelijahankesuunnitelma
794,opiskelijatoiminta
795,opiskelijayhdistys
796,opiskelijayhteistyö
797,oppikirja
798,oppilaitos
799,oppilaitoshallintojärjestelmä
800,oppilaitosjärjestelmät
801,oppilaitosjohtaja
802,oppilaitosopiskelija
803,oppilaitosrekisteri
804,oppilaitostenyhteistyöprojekti
805,oppilaitostiedonkeruu
806,oppilaitostiedotusohjelma
807,oppilaitostutkimus
808,oppilaitostutkimusprojekti
809,oppilaitostutkimusyksikkö
810,oppilaitosverkosto
811,oppilaitosyhteistyöhanke
812,oppilaitosyhteistyösopimus
813,oppimateriaalienhallinta
814,oppimateriaalikehityshanke
815,oppimateriaalikeskus
816,oppimateriaalikokoelma
817,oppimateriaalinvalmistus
818,oppimateriaalipaketti
819,oppimateriaaliratkaisut
820,oppimateriaaliratkaisut
821,oppimateriaalit
822,oppimateriaalivalikoima
823,oppimateriaalivalikoimat
824,oppimateriaalivarasto
825,oppimiskeskus
826,oppimisprosessimallit
827,oppimisympäristö
828,oppimisympäristöhankesuunnittelu
829,oppimisympäristökartoitus
830,oppimisympäristökehitys
831,oppimisympäristökonsultointi
832,oppimisympäristömalli
833,oppimisympäristömalli
834,oppimisympäristönkehittäjä
835,oppimisympäristöratkaisut
836,oppimisympäristöstrategia
837,oppimisympäristösuunnitelma
838,oppimisympäristösuunnitteluohjeet
839,oppimisympäristötutkimus
840,pääomasijoitus
841,paikallisarkisto
842,paikallishistoria
843,paikallisjuna
844,paikallislehti
845,paikallisradio
846,päiväkotipaikat
847,päiväkotiryhmä
848,päiväkotitoiminta
849,pakettiautokuljetus
850,paloasema
851,paloauto
852,paloturvallisuus
853,palvelukoti
854,palvelumaksu
855,palveluyritys
856,pankkiautomaatti
857,pankkivirkailija
858,paperitehdas
859,pelastushelikopteri
860,pelastuslaitos
861,pelastusliivi
862,pelastuspalvelu
863,pelastustehtävä
864,pelastustehtävä
865,pelastusvene
866,perheenjäsen
867,perhehoito
868,perhejuhla
869,perhekoti
870,perheyrityksenjohtaja
871,perheyritys
872,perheyritysjärjestely
873,peruskoulu
874,peruskoululainen
875,peruskoulutus
876,peruskoulutusaste
877,peruskoulutustaso
878,perusopetussuunnitelma
879,perusterveydenhuolto
880,pikaruokaravintola
881,pohjoisnavalla
882,poliisiasema
883,polkupyöräkorjaamo
884,postilaatikko
885,puhelinluettelo
886,puhelinnumero
887,puhelinoperaattori
888,puistokatu
889,puistokävely
890,puistotyöntekijä
891,puutaloteollisuus
892,puutarhakalusteet
893,puutarhakauppa
894,puutarhasuunnittelu
895,puutarhatyö
896,puutarhatyöntekijät
897,pyöräilyreitti
898,rakennusalanjohtaja
899,rakennusalanjohtoryhmä
900,rakennusalankehitysohjelma
901,rakennusalanlupahakemus
902,rakennusalanopiskelija
903,rakennusalanvalmistaja
904,rakennusalanvalvonta
905,rakennusalanvalvontahanke
906,rakennusalanvalvontayksikkö
907,rakennushankesuunnitelma
908,rakennusinsinööri
909,rakennusinsinöörityöt
910,rakennuskartoitus
911,rakennuslupa
912,rakennuslupahakemus
913,rakennuslupamenettely
914,rakennusmateriaali
915,rakennusmateriaali
916,rakennusmateriaalihanke
917,rakennusmateriaalikeskus
918,rakennusmateriaalikierrätys
919,rakennusmateriaalikierrätysprojekti
920,rakennusmateriaalikonsultti
921,rakennusmateriaalimarkkinat
922,rakennusmateriaaliratkaisu
923,rakennusmateriaalit
924,rakennusmateriaalit
925,rakennusmateriaalitutkimus
926,rakennusmateriaalitutkimus
927,rakennusmateriaalitutkimuskeskus
928,rakennusmateriaalitutkimuskeskus
929,rakennusmateriaalivalmistaja
930,rakennusmateriaalivarastointi
931,rakennusmestari
932,rakennusmies
933,rakennusohjelma
934,rakennuspalvelut
935,rakennusprojekti
936,rakennusprojekti
937,rakennusprojektijärjestäjä
938,rakennusprojektikartoitus
939,rakennusprojektikehitys
940,rakennusprojektinvalmistelu
941,rakennusprojektipäällikkö
942,rakennusprojektiratkaisut
943,rakennusprojektisopimus
944,rakennusprojektituki
945,rakennusprojektivaihtoehdot
946,rakennusprojektivalvoja
947,rakennusprojektivalvonta
948,rakennussuojeluhankkeet
949,rakennussuojeluohjeet
950,rakennussuojelupäätös
951,rakennussuojelutoimisto
952,rakennussuunnitelma
953,rakennussuunnittelija
954,rakennussuunnittelija
955,rakennussuunnittelukonsultointi
956,rakennussuunnittelumalli
957,rakennussuunnitteluohjelma
958,rakennussuunnitteluohjelma
959,rakennussuunnitteluratkaisu
960,rakennussuunnitteluratkaisut
961,rakennussuunnittelutoimisto
962,rakennussuunnitteluyritys
963,rakennustarkastustoimisto
964,rakennustarvike
965,rakennustarvikekartoitus
966,rakennustarvikekauppa
967,rakennustarvikemyyjä
968,rakennustarvikeyritys
969,rakennustarvikkeet
970,rakennustekniikanohjaaja
971,rakennustekniikka
972,rakennustekniikkayhteistyö
973,rakennustekninenkonsultti
974,rakennusteknologiahanke
975,rakennusteknologiainsinööri
976,rakennusteknologiakoulutus
977,rakennusteknologiakoulutus
978,rakennusteknologiaprojekti
979,rakennusteknologiayhteistyö
980,rakennusteline
981,rakennusteollisuus
982,rakennustyömaa
983,rakennustyömaa
984,rakennustyönjohtaja
985,rakennustyöntekijä
986,rakennustyöryhmäsopimus
987,rakennustyöturvallisuushanke
988,rakennustyöturvallisuusohjeet
989,rakennusurakointiyhtiö
990,rakennusurakoitsija
991,rakennusurakoitsija
992,rakennusurakoitsijayhteistyö
993,rakennusvalvoja
994,rakennusvalvontavirasto
995,rakennusvalvontayksikkö
996,rakennusvalvontayksikkö
997,rakennusvirhe
998,rakennusyritys
999,rakennusyritysyhteistyö
1000,rakentamismääräys
1001,rakentamissuunnitelmayhtiö
1002,rakentamistekniikkamallit
1003,rakentamisteollisuuskeskus
1004,rautatieasema
1005,rautatieliikenne
1006,rautatiepalvelukeskus
1007,ravintoketju
1008,ravintolapalvelu
1009,ravintolaruokailu
1010,ravintolaruokalista
1011,ravintovalmentaja
1012,ruokailutila
1013,ruokakauppa
1014,ruokapalvelut
1015,ruokavalio
1016,säästöohjelma
1017,sademetsä
1018,sähköajoneuvo
1019,sähköajoneuvojenlataus
1020,sähköajoneuvotekniikka
1021,sähköajoneuvoyksikkö
1022,sähköasennuspalvelut
1023,sähköasennusprojektit
1024,sähköasennusstrategia
1025,sähköasentaja
1026,sähköasentaja
1027,sähköauto
1028,sähköautojärjestelmä
1029,sähköautojärjestelmät
1030,sähköautojenlataus
1031,sähköautokorjaamo
1032,sähköautonlatausasema
1033,sähköautovalmistajayhtiö
1034,sähköautovalmistus
1035,sähköautovalmistusyksikkö
1036,sähköautovalvontakeskus
1037,sähköenergianhankinta
1038,sähköenergianvalvonta
1039,sähköenergiateollisuuskehitys
1040,sähköinsinöörikoulutussuunnitelma
1041,sähköjärjestelmä
1042,sähköjärjestelmätarvikkeet
1043,sähköjärjestelmätestaus
1044,sähkökatkos
1045,sähkökatkosalue
1046,sähkökäyttöinen
1047,sähkölinja
1048,sähkölinjarakentaminen
1049,sähköposti
1050,sähköpostipalvelu
1051,sähköpostiviesti
1052,sähköpostiviesti
1053,sähkötekniikanvalmistaja
1054,sähkötekniikanvalvonta
1055,sähkötekniikkainsinööri
1056,sähkötekniikkalaitos
1057,sähkötekniikkalaskelmat
1058,sähkötekniikkasuunnitelma
1059,sähköteknologiakehitysohjelma
1060,sähköteknologiakonsultointi
1061,sähköteknologiaratkaisut
1062,sähköteknologiayksikkö
1063,sähkötuotanto
1064,sähkötyökalut
1065,sähkötyökalut
1066,sähköverkko
1067,sähköverkkohallinta
1068,sähköverkkohanke
1069,sähköverkkoinfrastruktuuri
1070,sähköverkkoinsinööri
1071,sähköverkkokehitysprojekti
1072,sähköverkkoratkaisumalli
1073,sähköverkkosuunnittelu
1074,sähköverkkoteknologiaohje
1075,sähköverkkoteknologiasuunnitelma
1076,sähköverkkoyhteys
1077,sähköverkkoyhtiönvalvonta
1078,sähköverkkoyksikkö
1079,sähköverkosto
1080,sähköverkostokehitysprojekti
1081,sähköverkostokonsultointi
1082,sähkövoimala
1083,sähkövoimalaitos
1084,sähkövoimayhtiö
1085,sähkövoimayksikköanalyysi
1086,sairaalajärjestelmä
1087,sairaalajärjestelmä
1088,sairaalajärjestelyt
1089,sairaalajohtaminen
1090,sairaalaosasto
1091,sairaalapäivystys
1092,sairaalapalvelut
1093,sairaalatekniikkakeskus
1094,sairaalavälinevarasto
1095,sairaanhoitaja
1096,sairaanhoitajakoulutus
1097,sairaanhoitajayhteisö
1098,sairaanhoitoalue
1099,sairaanhoitohenkilökunta
1100,sairaanhoitoinsinööri
1101,sairaanhoitopalvelu
1102,sairaanhoitopiiri
1103,sairaanhoitopiiri
1104,sairaanhoitotarpeet
1105,sairaanhoitotarvikevarasto
1106,sairaanhoitotarvikkeet
1107,sairaanhoitotoimenpiteet
1108,sairaanhoitoyhteistyöverkosto
1109,sanakirjakustantaja
1110,satamakaupunki
1111,satamapalvelut
1112,satamatoiminnot
1113,satamatoimintasuunnitelma
1114,saunailtatarjoilut
1115,saunakulttuuri
1116,saunarakennus
1117,saunarakennusprojekti
1118,saunarakennusyksikkö
1119,sukututkimus
1120,syksynlehti
1121,syksysateet
1122,syöpätautienhoito
1123,taidegalleria
1124,taidegallerianäyttely
1125,taidenäyttely
1126,talonrakennus
1127,talonrakentaja
1128,talonvalmistaja
1129,taloudensuunnittelu
1130,talousarvio
1131,talousarvioesitykset
1132,talousarvioesitys
1133,taloushallinto
1134,taloushallintojärjestelmä
1135,taloushallintomalli
1136,taloushallintoratkaisu
1137,talousjohtaminen
1138,talouskehitys
1139,talousneuvonta
1140,talouspolitiikkasuunnitelma
1141,taloustiede
1142,taloustutkimus
1143,taloustutkimus
1144,taloyhtiöjäsen
1145,talvikelitiedotus
1146,talvikenkä
1147,talvimaisema
1148,talvimatkailu
1149,talvimatkailukohde
1150,talvimatkailukohteet
1151,talvimyrsky
1152,talvisuojelu
1153,talvitakki
1154,talvitienhoito
1155,talvivaellus
1156,teatteriesitys
1157,teatteriesitys
1158,teknologiaosaaminen
1159,teknologiasovellukset
1160,teknologiateollisuus
1161,teollisuusalue
1162,teollisuusaluekartoitus
1163,teollisuusmaalaus
1164,terveydenhuolto
1165,terveydenhuoltokeskus
1166,terveysasemahanke
1167,terveysasemat
1168,terveysneuvonta
1169,terveystarkastus
1170,tiedekeskus
1171,tiedekeskusohjelmistot
1172,tiedekirjasto
1173,tiedekirjasto
1174,tiedekunnanopiskelijajärjestö
1175,tiedekunta
1176,tiedonkulku
1177,tiedonvälitys
1178,tiedonvälitysjärjestelmä
1179,tiedotusväline
1180,tieteisromaani
1181,tietojärjestelmä
1182,tietojärjestelmäinsinööri
1183,tietojärjestelmäkehitysprojekti
1184,tietojärjestelmätutkimus
1185,tietojärjestelmätutkimusprojekti
1186,tietojenkäsittely
1187,tietojenkäsittelykeskus
1188,tietojenkäsittelyohjelma
1189,tietojenkäsittelyopettaja
1190,tietojenkäsittelyratkaisut
1191,tietojenkäsittelytiede
1192,tietojenkäsittelytiede
1193,tietojenkäsittelytutkija
1194,tietokantajärjestelmä
1195,tietokantajärjestelmä
1196,tietokone
1197,tietokoneammattilainen
1198,tietokoneasiantuntija
1199,tietokoneasiantuntija
1200,tietokoneasiantuntijapalvelut
1201,tietokonehuolto
1202,tietokonehuoltopalvelu
1203,tietokoneinsinööri
1204,tietokoneinsinööri
1205,tietokoneinsinööriprojekti
1206,tietokonejärjestelmäratkaisut
1207,tietokonejärjestelmätarkastus
1208,tietokonekauppa
1209,tietokonekomponentti
1210,tietokonekomponenttienhuolto
1211,tietokonekomponenttienvalmistaja
1212,tietokonekomponenttikeskus
1213,tietokoneohjaus
1214,tietokoneohjelma
1215,tietokoneohjelmisto
1216,tietokoneohjelmistojenhallinta
1217,tietokoneohjelmistoratkaisu
1218,tietokoneohjelmistoyksikkö
1219,tietokoneohjelmoija
1220,tietokonepeliprojektit
1221,tietokonepelistrategiat
1222,tietokonepelit
1223,tietokonesuunnittelukonsultti
1224,tietokonesuunnitteluohjelma
1225,tietokonetarvikekauppa
1226,tietokonetarvikkeet
1227,tietokonetekniikkakurssi
1228,tietokonevalmistaja
1229,tietokonevalmistuskoneet
1230,tietokonevalmistusmallit
1231,tietokonevirhe
1232,tietoliikenne
1233,tietoliikenneasiantuntija
1234,tietoliikenneinsinööritoimisto
1235,tietoliikennekehitysprojekti
1236,tietoliikenneohjauskeskus
1237,tietoliikenneohjelmatutkimus
1238,tietoliikenneohjelmatutkimus
1239,tietoliikenneohjelmayksikkö
1240,tietoliikenneoperaattori
1241,tietoliikennepalvelu
1242,tietoliikennepalveluyhtiö
1243,tietoliikenneprojekti
1244,tietoliikennesovelluskehitys
1245,tietoliikennestrategia
1246,tietoliikennestrategiaraportti
1247,tietoliikennetekniikka
1248,tietoliikenneturva
1249,tietoliikennevalvontayksikkö
1250,tietoliikenneverkko
1251,tietoliikenneverkkoratkaisu
1252,tietoliikenneverkkotarkastaja
1253,tietoliikenneverkkoyksikkö
1254,tietoliikenneverkostokehitys
1255,tietoliikenneyhteistyömalli
1256,tietoliikenneyhteys
1257,tietoliikenneyhteys
1258,tietotekniikkainsinöörikoulutus
1259,tietotekniikkainsinöörikoulutus
1260,tietotekniikkakeskus
1261,tietotekniikkaohjelmointiprojekti
1262,tietotekniikkaratkaisujenhallinta
1263,tietotekniikkasopimus
1264,tietotekniikkasuunnittelu
1265,tietotekniikkavalvojat
1266,tietotekniikkayhteistyöhanke
1267,tietotekniikkayksikkö
1268,tietotekniikkayritysyhteistyö
1269,tietoteknologiayhteistyömalli
1270,tietoturva
1271,tietoturvapalvelu
1272,tietoturvaprosessimallit
1273,tietoturvaraportti
1274,tietoturvaratkaisut
1275,tietoturvastrategiahanke
1276,tietoturvasuunnitelma
1277,tietoturvatekniikka
1278,tietoturvayksikkökehitys
1279,tietoturvayksikkökehitysprojekti
1280,tietoverkkojärjestelmäratkaisu
1281,tietoverkkojärjestelmätutkimus
1282,tietoverkkojärjestelyehdotus
1283,tietoverkkokehityskonsultointi
1284,tietoverkkokehitysprojekti
1285,tietoverkkopalvelut
1286,tietoverkkoratkaisut
1287,tietoverkkorikollisuus
1288,tietoverkkorikollisuustutkimus
1289,tietoverkkorikostutkimusprojekti
1290,tietoverkkosovellus
1291,tietoverkkotekniikka
1292,tietoverkkotekniikkakeskus
1293,tietoverkkoteknologiayhteistyö
1294,tietoverkkoyhteistyösopimus
1295,tietoverkkoyhteyspalvelu
1296,tilapäistyö
1297,tilastotutkimusmenetelmät
1298,tilastotutkimusyksikkö
1299,turismikeskus
1300,turvallisuusalanasiantuntija
1301,turvallisuusalanopetus
1302,turvallisuusanalyysiprojektit
1303,turvallisuusanalyysiyhteistyö
1304,turvallisuusjohtajuuskoulutus
1305,turvallisuusjohtajuusyhteistyö
1306,turvallisuusjohtamisjärjestelmä
1307,turvallisuusjohtamiskoulutus
1308,turvallisuusjohtamisohjeet
1309,turvallisuuskeskus
1310,turvallisuuskeskusvalvonta
1311,turvallisuuskonsultointipalvelu
1312,turvallisuuskoulutus
1313,turvallisuuskoulutusmoduuli
1314,turvallisuuskoulutusohjelma
1315,turvallisuuskoulutussuunnitelma
1316,turvallisuuskoulutustilaisuus
1317,turvallisuuskoulutusyksikkö
1318,turvallisuuslainsäädäntö
1319,turvallisuuslaitosjohtaja
1320,turvallisuuslaitteistot
1321,turvallisuuslaitteistoyhtiö
1322,turvallisuusneuvonta
1323,turvallisuusneuvottelukunta
1324,turvallisuusohje
1325,turvallisuusohjeistusmoduuli
1326,turvallisuusohjelma
1327,turvallisuusohjelmaprojekti
1328,turvallisuusohjelmistokehitys
1329,turvallisuusohjelmistot
1330,turvallisuusohjelmointiprojekti
1331,turvallisuuspalvelujenhallinta
1332,turvallisuuspalveluyritys
1333,turvallisuuspolitiikka
1334,turvallisuusratkaisujenvalmistus
1335,turvallisuusratkaisukonsultti
1336,turvallisuusratkaisuyhtiö
1337,turvallisuusriski
1338,turvallisuusriskianalyysi
1339,turvallisuusriskianalyysi
1340,turvallisuusselvitys
1341,turvallisuusselvitysyksikkö
1342,turvallisuusstrategiaraportti
1343,turvallisuusstrategiasuunnittelu
1344,turvallisuussuunnitelma
1345,turvallisuussuunnitteluohjelmat
1346,turvallisuussuunnitteluyksikkö
1347,turvallisuustarkasteluraportti
1348,turvallisuustarkastus
1349,turvallisuustarkastus
1350,turvallisuustarkastusyhtiö
1351,turvallisuusteknologia
1352,turvallisuusteknologiakehitys
1353,turvallisuusteknologiatutkimus
1354,turvallisuusteknologiayksikkö
1355,turvallisuustutkimuskeskus
1356,turvallisuustutkimusohjelma
1357,turvallisuustutkimusraportointi
1358,turvallisuustutkimusstrategia
1359,turvallisuustutkimustulos
1360,turvallisuustutkimusyksikkö
1361,turvallisuustyöntekijä
1362,turvallisuustyöryhmä
1363,turvallisuustyöryhmäehdotus
1364,turvallisuustyöyksikkö
1365,turvallisuusvalvontahanke
1366,turvallisuusvalvontakeskus
1367,turvallisuusvalvontakeskus
1368,turvallisuusvalvontastrategia
1369,turvallisuusvalvontatoimisto
1370,turvallisuusyhteistyöhanke
1371,turvallisuusyhteistyöhanke
1372,turvallisuusyhteistyöstrategia
1373,tutkimuskeskusprojekti
1374,tutkimuslaitos
1375,tutkimuslaitos
1376,tutkimuslaitosjohtaja
1377,tutkimuslaitosyhteistyö
1378,tutkimusprojekti
1379,tutkimusprojektipäällikkö
1380,tutkimusprojektirahoitus
1381,tutkimusprojektiseuranta
1382,tutkimusprojektisuunnittelu
1383,tutkimusrahoitushanke
1384,tutkimusrahoitusraportti
1385,tutkimusraportinlaadinta
1386,tutkimusraportti
1387,tutkimustiedotushanke
1388,tutkimustulostenesittely
1389,tutkimustyöverkosto
1390,tuulivoimala
1391,tuulivoimaprojekti
1392,tuulivoimayhtiöprojekti
1393,työaikajärjestelmä
1394,työajanhallinta
1395,työajanseurantajärjestelmä
1396,työehtosopimus
1397,työelämätutkimus
1398,työhyvinvointi
1399,työhyvinvointi
1400,työhyvinvointimalli
1401,työkalupakki
1402,työmatkakorvaus
1403,työmatkakustannuslaskenta
1404,työmatkaliikenne
1405,työmatkavakuutus
1406,työnantajayhdistys
1407,työnhakija
1408,työpaikka
1409,työpaikkailmoitukset
1410,työpaikkakokous
1411,työpaikkaruokala
1412,työsuojelutarkastus
1413,työterveydenhuolto
1414,työterveysneuvonta
1415,työterveyspalvelut
1416,työturvallisuus
1417,työturvallisuusvalvonta
1418,työvaatteet
1419,työyhteisö
1420,työympäristö
1421,työympäristöjohtaminen
1422,työympäristökehitys
1423,uimahalli
1424,uimakoulu
1425,ulkoiluaktiviteettipalvelut
1426,ulkoilualue
1427,ulkoilutapahtuma
1428,ulkomaankauppa
1429,ulkomaankomennus
1430,urheiluhallijärjestelyt
1431,urheiluhallitila
1432,urheiluharjoitukset
1433,urheilujärjestötoiminta
1434,urheilujärjestöyhteistyö
1435,urheilukenttä
1436,urheilukenttävalvonta
1437,urheilukenttävalvontakeskus
1438,urheilukeskus
1439,urheilukeskusjohtaminen
1440,urheilukeskusstrategia
1441,urheilukeskustapahtumat
1442,urheilukeskustarjonta
1443,urheilukilpailu
1444,urheilukilpailukeskus
1445,urheilukilpailutulokset
1446,urheilukilpailuyhteistyö
1447,urheilukilpailuyksikkö
1448,urheilukulttuurijärjestelmä
1449,urheilukulttuuriprojekti
1450,urheilukulttuuriyhteistyö
1451,urheilulääkäri
1452,urheiluliike
1453,urheiluliiketoiminta
1454,urheiluliiketoimintajohtaja
1455,urheiluliiketoimintakoulutus
1456,urheiluliikuntayhteistyö
1457,urheilumahdollisuustutkimus
1458,urheiluseura
1459,urheiluseurahanke
1460,urheilusuoritukset
1461,urheilusuoritusanalyysi
1462,urheilusuoritusanalyysiohjelma
1463,urheilusuunnistaja
1464,urheilusuunnistustoiminta
1465,urheilusuunnittelukonsultointi
1466,urheilutalo
1467,urheilutapahtuma
1468,urheilutapahtumajärjestäjä
1469,urheilutapahtumajohtajuus
1470,urheilutapahtumajohtaminen
1471,urheilutapahtumakampanja
1472,urheilutapahtumakonsultointi
1473,urheilutapahtumaohjaus
1474,urheilutapahtumatarjonta
1475,urheilutapahtumatiedotus
1476,urheilutapahtumaverkosto
1477,urheilutapahtumayhteistyösopimus
1478,urheilutiedotusprojekti
1479,urheilutoiminnanjohtaja
1480,urheilutoiminnanjohtamismallit
1481,urheilutoiminnanjohtamisohjeet
1482,urheilutoiminnanohjaus
1483,urheilutoiminta
1484,urheilutoimintakeskus
1485,urheilutoimintaohjelma
1486,urheilutoimintaratkaisut
1487,urheilutoimintasuunnitelma
1488,urheilutoimintayksikkö
1489,urheiluturnaus
1490,urheiluturnausjärjestäjä
1491,urheiluvälineet
1492,urheiluvälinekauppa
1493,urheiluvälinekauppaketju
1494,urheiluvälinevalmistus
1495,urheiluvälinevalmistusprojekti
1496,urheiluvälinevarasto
1497,valtakunnansyyttäjä
1498,valtatie
1499,valvontakamera
1500,varaosavarasto
1501,varastorakennus
1502,varmuuskopio
1503,varmuusvarasto
1504,varuskuntamuseo
1505,vedenpuhdistus
1506,veneilijäliitto
1507,venevarasto
1508,venevuokraus
1509,verkkokauppa
1510,verkkokaupparatkaisut
1511,verkkokauppias
1512,verkkoliikennepalvelut
1513,verkkopalvelujärjestelmät
1514,verkkopalveluohjaus
1515,verkkoyhteys
1516,vesialuehallinta
1517,vesialuesuojelukeskus
1518,vesiensuojeluohjelma
1519,vesihuolto
1520,vesihuoltolaitos
1521,vesihuoltopalvelu
1522,vesihuoltotoiminta
1523,vesijärjestelmäanalyysi
1524,vesijärjestelmähuolto
1525,vesijohtotyöt
1526,vesijohtoverkkokartoitus
1527,vesijohtoverkosto
1528,vesijohtoverkosto
1529,vesijohtoverkosto
1530,vesijohtovesi
1531,vesilaitos
1532,vesilaitoshuolto
1533,vesiliikenne
1534,vesiliikennepalvelut
1535,vesiliikenteenohjaaja
1536,vesiliikenteenvalvonta
1537,vesipuhdistustekniikka
1538,vesipuhdistusyksikkö
1539,vesipumppu
1540,vesiputkisto
1541,vesiputous
1542,vesistöalue
1543,vesistöaluekartoitus
1544,vesitekniikkatutkimus
1545,vesiteknologiayritys
1546,vesiturvallisuus
1547,vesiturvallisuusohje
1548,vesiurheilu
1549,vesivahinkosuojatoimenpiteet
1550,vesivoimalaitos
1551,viestintätoimisto
1552,viihdekeskus
1553,viihdeohjelmakuvaukset
1554,viihdeyritystoiminta
1555,viranomaispalvelut
1556,virastotalo
1557,virkamieskunta
1558,virkistysaluekartoitus
1559,virkistysaluevarasto
1560,voimavarat
1561,vuokra-asunto
1562,vuokrahuoneisto
1563,vuorikiipeilijä
1564,vuorotyö
1565,vuorotyöläinen
1566,vuorovaikutustaidot
1567,ydinvoimainfrastruktuuri
1568,ydinvoimaratkaisut
1569,yhteiskuntajärjestelmä
1570,yhteiskuntapolitiikka
1571,yhteiskuntasopimus
1572,yhteiskuntasopimus
1573,yhteiskuntasuunnitelmaprojekti
1574,yhteiskuntatiede
1575,yhteiskuntavastuu
1576,yhteisöllisyyskoulutus
1577,yhteydenpito
1578,yksityisyrittäjä
1579,yksityisyrittäjäjärjestelmä
1580,yksityisyrittäjäyhteistyö
1581,yliopisto-opiskelija
1582,ympäristöaluesuojelu
1583,ympäristöarviointi
1584,ympäristöarviointikeskus
1585,ympäristöhallintojärjestelmä
1586,ympäristökampanja
1587,ympäristökartoitus
1588,ympäristökartoitusprojekti
1589,ympäristökartoitusraportti
1590,ympäristökartoitustutkimus
1591,ympäristökeskus
1592,ympäristökeskustoiminta
1593,ympäristökysymykset
1594,ympäristölainsäädäntö
1595,ympäristölainsäädäntöhanke
1596,ympäristölupahakemus
1597,ympäristölupaus
1598,ympäristölupaviranomainen
1599,ympäristönäkökulma
1600,ympäristönhoitohanke
1601,ympäristönhoitokoulutus
1602,ympäristönhoitotyöryhmä
1603,ympäristönhoitoyksikkö
1604,ympäristönseurantalaite
1605,ympäristönsuojelu
1606,ympäristönsuojelulainsäädäntö
1607,ympäristönsuojelutoimet
1608,ympäristönsuojelutyöryhmä
1609,ympäristöohjelmahanke
1610,ympäristöohjelmatutkimus
1611,ympäristöpalvelutalo
1612,ympäristöprojektikehitys
1613,ympäristöprojektipäällikkö
1614,ympäristöstrategia
1615,ympäristöstrategialinjaukset
1616,ympäristöstrategiasuunnitelma
1617,ympäristösuojelukoulutusohjelma
1618,ympäristösuojelutavoitteet
1619,ympäristöteknologiaratkaisut
1620,ympäristöturvallisuusmalli
1621,ympäristöturvallisuusohjelma
1622,ympäristöturvallisuusprojekti
1623,ympäristöturvallisuustyö
1624,ympäristötutkimusraportti
1625,ympäristötutkimustulokset
1626,ympäristötutkimustulos
1627,ympäristövahinko
1628,ympäristövahinko
1629,ympäristövaikutukset
1630,ympäristövaikutus
1631,ympäristövalvoja
1632,ympäristövalvontatoimisto
1633,ympäristövalvontayksikkö
1634,ympäristövarmuusohjelma
1635,ympäristöyhteistyöaloite
1636,ympäristöyhteistyökampanja
1637,ympäristöyhteistyösopimus
1638,ympäristöyhteistyöverkosto
1639,ympäristöystävällisyys
1640,ympäristöystävällisyysohje
1641,ympäristöystävällisyysprojekti
1642,ympäristöystävällisyystavoite
1643,ympäristöystävällisyystuote
1644,ympäristöystävällisyystuotteet
1645,yötyö
1646,yritysjohtaminen
1647,yrityskulttuurianalyysi
1648,yrityskulttuurimuutos
1649,yritysrekisteri
1650,yritystutkimusverkosto
1651,yritysverkostohanke
1652,yritysverkostoratkaisut
